id,kode_provinsi,nama_provinsi,kode_kabupaten_kota,nama_kabupaten_kota,pengeluaran_per_kapita,satuan,tahun
1,32,JAWA BARAT,3201,KABUPATEN BOGOR,8951.96,RIBU RUPIAH,2010
2,32,JAWA BARAT,3202,KABUPATEN SUKABUMI,7658.57,RIBU RUPIAH,2010
3,32,JAWA BARAT,3203,KABUPATEN CIANJUR,6430.92,RIBU RUPIAH,2010
4,32,JAWA BARAT,3204,KABUPATEN BANDUNG,8740.07,RIBU RUPIAH,2010
5,32,JAWA BARAT,3205,KABUPATEN GARUT,6149.57,RIBU RUPIAH,2010
6,32,JAWA BARAT,3206,KABUPATEN TASIKMALAYA,6620.25,RIBU RUPIAH,2010
7,32,JAWA BARAT,3207,KABUPATEN CIAMIS,7887.57,RIBU RUPIAH,2010
8,32,JAWA BARAT,3208,KABUPATEN KUNINGAN,8205.41,RIBU RUPIAH,2010
9,32,JAWA BARAT,3209,KABUPATEN CIREBON,8866.25,RIBU RUPIAH,2010
10,32,JAWA BARAT,3210,KABUPATEN MAJALENGKA,7918.34,RIBU RUPIAH,2010
11,32,JAWA BARAT,3211,KABUPATEN SUMEDANG,8598.41,RIBU RUPIAH,2010
12,32,JAWA BARAT,3212,KABUPATEN INDRAMAYU,8298.87,RIBU RUPIAH,2010
13,32,JAWA BARAT,3213,KABUPATEN SUBANG,8973.49,RIBU RUPIAH,2010
14,32,JAWA BARAT,3214,KABUPATEN PURWAKARTA,9684.48,RIBU RUPIAH,2010
15,32,JAWA BARAT,3215,KABUPATEN KARAWANG,9441.37,RIBU RUPIAH,2010
16,32,JAWA BARAT,3216,KABUPATEN BEKASI,9880.93,RIBU RUPIAH,2010
17,32,JAWA BARAT,3217,KABUPATEN BANDUNG BARAT,6702.17,RIBU RUPIAH,2010
18,32,JAWA BARAT,3271,KOTA BOGOR,10147.93,RIBU RUPIAH,2010
19,32,JAWA BARAT,3272,KOTA SUKABUMI,9294.11,RIBU RUPIAH,2010
20,32,JAWA BARAT,3273,KOTA BANDUNG,14628.63,RIBU RUPIAH,2010
21,32,JAWA BARAT,3274,KOTA CIREBON,10285.09,RIBU RUPIAH,2010
22,32,JAWA BARAT,3275,KOTA BEKASI,14163.91,RIBU RUPIAH,2010
23,32,JAWA BARAT,3276,KOTA DEPOK,13747.59,RIBU RUPIAH,2010
24,32,JAWA BARAT,3277,KOTA CIMAHI,10363.93,RIBU RUPIAH,2010
25,32,JAWA BARAT,3278,KOTA TASIKMALAYA,7827.7,RIBU RUPIAH,2010
26,32,JAWA BARAT,3279,KOTA BANJAR,9051.3,RIBU RUPIAH,2010
27,32,JAWA BARAT,3201,KABUPATEN BOGOR,8960.07,RIBU RUPIAH,2011
28,32,JAWA BARAT,3202,KABUPATEN SUKABUMI,7683.98,RIBU RUPIAH,2011
29,32,JAWA BARAT,3203,KABUPATEN CIANJUR,6495.68,RIBU RUPIAH,2011
30,32,JAWA BARAT,3204,KABUPATEN BANDUNG,8797.01,RIBU RUPIAH,2011
31,32,JAWA BARAT,3205,KABUPATEN GARUT,6195.46,RIBU RUPIAH,2011
32,32,JAWA BARAT,3206,KABUPATEN TASIKMALAYA,6663.99,RIBU RUPIAH,2011
33,32,JAWA BARAT,3207,KABUPATEN CIAMIS,7951.48,RIBU RUPIAH,2011
34,32,JAWA BARAT,3208,KABUPATEN KUNINGAN,8231.37,RIBU RUPIAH,2011
35,32,JAWA BARAT,3209,KABUPATEN CIREBON,8889.96,RIBU RUPIAH,2011
36,32,JAWA BARAT,3210,KABUPATEN MAJALENGKA,7987.42,RIBU RUPIAH,2011
37,32,JAWA BARAT,3211,KABUPATEN SUMEDANG,8652.78,RIBU RUPIAH,2011
38,32,JAWA BARAT,3212,KABUPATEN INDRAMAYU,8355.61,RIBU RUPIAH,2011
39,32,JAWA BARAT,3213,KABUPATEN SUBANG,9048.46,RIBU RUPIAH,2011
40,32,JAWA BARAT,3214,KABUPATEN PURWAKARTA,10110.61,RIBU RUPIAH,2011
41,32,JAWA BARAT,3215,KABUPATEN KARAWANG,9524.89,RIBU RUPIAH,2011
42,32,JAWA BARAT,3216,KABUPATEN BEKASI,9945.54,RIBU RUPIAH,2011
43,32,JAWA BARAT,3217,KABUPATEN BANDUNG BARAT,6788.49,RIBU RUPIAH,2011
44,32,JAWA BARAT,3271,KOTA BOGOR,10265.35,RIBU RUPIAH,2011
45,32,JAWA BARAT,3272,KOTA SUKABUMI,9411.19,RIBU RUPIAH,2011
46,32,JAWA BARAT,3273,KOTA BANDUNG,14699.89,RIBU RUPIAH,2011
47,32,JAWA BARAT,3274,KOTA CIREBON,10331.61,RIBU RUPIAH,2011
48,32,JAWA BARAT,3275,KOTA BEKASI,14186.71,RIBU RUPIAH,2011
49,32,JAWA BARAT,3276,KOTA DEPOK,13839.01,RIBU RUPIAH,2011
50,32,JAWA BARAT,3277,KOTA CIMAHI,10428.29,RIBU RUPIAH,2011
51,32,JAWA BARAT,3278,KOTA TASIKMALAYA,7908.85,RIBU RUPIAH,2011
52,32,JAWA BARAT,3279,KOTA BANJAR,9120.7,RIBU RUPIAH,2011
53,32,JAWA BARAT,3201,KABUPATEN BOGOR,9000.3,RIBU RUPIAH,2012
54,32,JAWA BARAT,3202,KABUPATEN SUKABUMI,7700.49,RIBU RUPIAH,2012
55,32,JAWA BARAT,3203,KABUPATEN CIANJUR,6552.73,RIBU RUPIAH,2012
56,32,JAWA BARAT,3204,KABUPATEN BANDUNG,8845.58,RIBU RUPIAH,2012
57,32,JAWA BARAT,3205,KABUPATEN GARUT,6233.12,RIBU RUPIAH,2012
58,32,JAWA BARAT,3206,KABUPATEN TASIKMALAYA,6699.36,RIBU RUPIAH,2012
59,32,JAWA BARAT,3207,KABUPATEN CIAMIS,8007.33,RIBU RUPIAH,2012
60,32,JAWA BARAT,3208,KABUPATEN KUNINGAN,8248.4,RIBU RUPIAH,2012
61,32,JAWA BARAT,3209,KABUPATEN CIREBON,8904.64,RIBU RUPIAH,2012
62,32,JAWA BARAT,3210,KABUPATEN MAJALENGKA,8048.58,RIBU RUPIAH,2012
63,32,JAWA BARAT,3211,KABUPATEN SUMEDANG,8698.75,RIBU RUPIAH,2012
64,32,JAWA BARAT,3212,KABUPATEN INDRAMAYU,8404.05,RIBU RUPIAH,2012
65,32,JAWA BARAT,3213,KABUPATEN SUBANG,9115.48,RIBU RUPIAH,2012
66,32,JAWA BARAT,3214,KABUPATEN PURWAKARTA,10332.65,RIBU RUPIAH,2012
67,32,JAWA BARAT,3215,KABUPATEN KARAWANG,9671.03,RIBU RUPIAH,2012
68,32,JAWA BARAT,3216,KABUPATEN BEKASI,10040.09,RIBU RUPIAH,2012
69,32,JAWA BARAT,3217,KABUPATEN BANDUNG BARAT,6975.56,RIBU RUPIAH,2012
70,32,JAWA BARAT,3271,KOTA BOGOR,10439.59,RIBU RUPIAH,2012
71,32,JAWA BARAT,3272,KOTA SUKABUMI,9466.86,RIBU RUPIAH,2012
72,32,JAWA BARAT,3273,KOTA BANDUNG,14762.53,RIBU RUPIAH,2012
73,32,JAWA BARAT,3274,KOTA CIREBON,10369.39,RIBU RUPIAH,2012
74,32,JAWA BARAT,3275,KOTA BEKASI,14342.49,RIBU RUPIAH,2012
75,32,JAWA BARAT,3276,KOTA DEPOK,14079.53,RIBU RUPIAH,2012
76,32,JAWA BARAT,3277,KOTA CIMAHI,10473.53,RIBU RUPIAH,2012
77,32,JAWA BARAT,3278,KOTA TASIKMALAYA,8013.43,RIBU RUPIAH,2012
78,32,JAWA BARAT,3279,KOTA BANJAR,9219.22,RIBU RUPIAH,2012
79,32,JAWA BARAT,3201,KABUPATEN BOGOR,9040.52,RIBU RUPIAH,2013
80,32,JAWA BARAT,3202,KABUPATEN SUKABUMI,7800.04,RIBU RUPIAH,2013
81,32,JAWA BARAT,3203,KABUPATEN CIANJUR,6694.05,RIBU RUPIAH,2013
82,32,JAWA BARAT,3204,KABUPATEN BANDUNG,8977.74,RIBU RUPIAH,2013
83,32,JAWA BARAT,3205,KABUPATEN GARUT,6354.52,RIBU RUPIAH,2013
84,32,JAWA BARAT,3206,KABUPATEN TASIKMALAYA,6818.31,RIBU RUPIAH,2013
85,32,JAWA BARAT,3207,KABUPATEN CIAMIS,8147.07,RIBU RUPIAH,2013
86,32,JAWA BARAT,3208,KABUPATEN KUNINGAN,8348.43,RIBU RUPIAH,2013
87,32,JAWA BARAT,3209,KABUPATEN CIREBON,9002.26,RIBU RUPIAH,2013
88,32,JAWA BARAT,3210,KABUPATEN MAJALENGKA,8193.77,RIBU RUPIAH,2013
89,32,JAWA BARAT,3211,KABUPATEN SUMEDANG,8828.26,RIBU RUPIAH,2013
90,32,JAWA BARAT,3212,KABUPATEN INDRAMAYU,8644.13,RIBU RUPIAH,2013
91,32,JAWA BARAT,3213,KABUPATEN SUBANG,9266.49,RIBU RUPIAH,2013
92,32,JAWA BARAT,3214,KABUPATEN PURWAKARTA,10492.35,RIBU RUPIAH,2013
93,32,JAWA BARAT,3215,KABUPATEN KARAWANG,9755.43,RIBU RUPIAH,2013
94,32,JAWA BARAT,3216,KABUPATEN BEKASI,10207.28,RIBU RUPIAH,2013
95,32,JAWA BARAT,3217,KABUPATEN BANDUNG BARAT,7112.25,RIBU RUPIAH,2013
96,32,JAWA BARAT,3218,KABUPATEN PANGANDARAN,8199.66,RIBU RUPIAH,2013
97,32,JAWA BARAT,3271,KOTA BOGOR,10488.49,RIBU RUPIAH,2013
98,32,JAWA BARAT,3272,KOTA SUKABUMI,9608.86,RIBU RUPIAH,2013
99,32,JAWA BARAT,3273,KOTA BANDUNG,14957.1,RIBU RUPIAH,2013
100,32,JAWA BARAT,3274,KOTA CIREBON,10563.12,RIBU RUPIAH,2013
101,32,JAWA BARAT,3275,KOTA BEKASI,14475.41,RIBU RUPIAH,2013
102,32,JAWA BARAT,3276,KOTA DEPOK,14160.63,RIBU RUPIAH,2013
103,32,JAWA BARAT,3277,KOTA CIMAHI,10622.25,RIBU RUPIAH,2013
104,32,JAWA BARAT,3278,KOTA TASIKMALAYA,8157.51,RIBU RUPIAH,2013
105,32,JAWA BARAT,3279,KOTA BANJAR,9401.63,RIBU RUPIAH,2013
106,32,JAWA BARAT,3201,KABUPATEN BOGOR,9065.93,RIBU RUPIAH,2014
107,32,JAWA BARAT,3202,KABUPATEN SUKABUMI,7824.25,RIBU RUPIAH,2014
108,32,JAWA BARAT,3203,KABUPATEN CIANJUR,6733.26,RIBU RUPIAH,2014
109,32,JAWA BARAT,3204,KABUPATEN BANDUNG,8998.57,RIBU RUPIAH,2014
110,32,JAWA BARAT,3205,KABUPATEN GARUT,6372.25,RIBU RUPIAH,2014
111,32,JAWA BARAT,3206,KABUPATEN TASIKMALAYA,6830.12,RIBU RUPIAH,2014
112,32,JAWA BARAT,3207,KABUPATEN CIAMIS,8162.14,RIBU RUPIAH,2014
113,32,JAWA BARAT,3208,KABUPATEN KUNINGAN,8393.44,RIBU RUPIAH,2014
114,32,JAWA BARAT,3209,KABUPATEN CIREBON,9013.49,RIBU RUPIAH,2014
115,32,JAWA BARAT,3210,KABUPATEN MAJALENGKA,8233.45,RIBU RUPIAH,2014
116,32,JAWA BARAT,3211,KABUPATEN SUMEDANG,8844.21,RIBU RUPIAH,2014
117,32,JAWA BARAT,3212,KABUPATEN INDRAMAYU,8667.53,RIBU RUPIAH,2014
118,32,JAWA BARAT,3213,KABUPATEN SUBANG,9286.59,RIBU RUPIAH,2014
119,32,JAWA BARAT,3214,KABUPATEN PURWAKARTA,10520.92,RIBU RUPIAH,2014
120,32,JAWA BARAT,3215,KABUPATEN KARAWANG,9768.31,RIBU RUPIAH,2014
121,32,JAWA BARAT,3216,KABUPATEN BEKASI,10231.7,RIBU RUPIAH,2014
122,32,JAWA BARAT,3217,KABUPATEN BANDUNG BARAT,7188.04,RIBU RUPIAH,2014
123,32,JAWA BARAT,3218,KABUPATEN PANGANDARAN,8232.28,RIBU RUPIAH,2014
124,32,JAWA BARAT,3271,KOTA BOGOR,10532.34,RIBU RUPIAH,2014
125,32,JAWA BARAT,3272,KOTA SUKABUMI,9640.77,RIBU RUPIAH,2014
126,32,JAWA BARAT,3273,KOTA BANDUNG,15048.47,RIBU RUPIAH,2014
127,32,JAWA BARAT,3274,KOTA CIREBON,10606.46,RIBU RUPIAH,2014
128,32,JAWA BARAT,3275,KOTA BEKASI,14558.24,RIBU RUPIAH,2014
129,32,JAWA BARAT,3276,KOTA DEPOK,14238.65,RIBU RUPIAH,2014
130,32,JAWA BARAT,3277,KOTA CIMAHI,10680.87,RIBU RUPIAH,2014
131,32,JAWA BARAT,3278,KOTA TASIKMALAYA,8210.43,RIBU RUPIAH,2014
132,32,JAWA BARAT,3279,KOTA BANJAR,9438.54,RIBU RUPIAH,2014
133,32,JAWA BARAT,3201,KABUPATEN BOGOR,9368.39,RIBU RUPIAH,2015
134,32,JAWA BARAT,3202,KABUPATEN SUKABUMI,7848.53,RIBU RUPIAH,2015
135,32,JAWA BARAT,3203,KABUPATEN CIANJUR,6876.62,RIBU RUPIAH,2015
136,32,JAWA BARAT,3204,KABUPATEN BANDUNG,9375.21,RIBU RUPIAH,2015
137,32,JAWA BARAT,3205,KABUPATEN GARUT,6875.09,RIBU RUPIAH,2015
138,32,JAWA BARAT,3206,KABUPATEN TASIKMALAYA,6934.28,RIBU RUPIAH,2015
139,32,JAWA BARAT,3207,KABUPATEN CIAMIS,8295.76,RIBU RUPIAH,2015
140,32,JAWA BARAT,3208,KABUPATEN KUNINGAN,8516.1,RIBU RUPIAH,2015
141,32,JAWA BARAT,3209,KABUPATEN CIREBON,9261.3,RIBU RUPIAH,2015
142,32,JAWA BARAT,3210,KABUPATEN MAJALENGKA,8477.14,RIBU RUPIAH,2015
143,32,JAWA BARAT,3211,KABUPATEN SUMEDANG,9279.32,RIBU RUPIAH,2015
144,32,JAWA BARAT,3212,KABUPATEN INDRAMAYU,8768.97,RIBU RUPIAH,2015
145,32,JAWA BARAT,3213,KABUPATEN SUBANG,9830.96,RIBU RUPIAH,2015
146,32,JAWA BARAT,3214,KABUPATEN PURWAKARTA,10549.58,RIBU RUPIAH,2015
147,32,JAWA BARAT,3215,KABUPATEN KARAWANG,10216.85,RIBU RUPIAH,2015
148,32,JAWA BARAT,3216,KABUPATEN BEKASI,10322.5,RIBU RUPIAH,2015
149,32,JAWA BARAT,3217,KABUPATEN BANDUNG BARAT,7522.14,RIBU RUPIAH,2015
150,32,JAWA BARAT,3218,KABUPATEN PANGANDARAN,8265.02,RIBU RUPIAH,2015
151,32,JAWA BARAT,3271,KOTA BOGOR,10576.37,RIBU RUPIAH,2015
152,32,JAWA BARAT,3272,KOTA SUKABUMI,9729.44,RIBU RUPIAH,2015
153,32,JAWA BARAT,3273,KOTA BANDUNG,15608.85,RIBU RUPIAH,2015
154,32,JAWA BARAT,3274,KOTA CIREBON,10732.45,RIBU RUPIAH,2015
155,32,JAWA BARAT,3275,KOTA BEKASI,15115.83,RIBU RUPIAH,2015
156,32,JAWA BARAT,3276,KOTA DEPOK,14424.49,RIBU RUPIAH,2015
157,32,JAWA BARAT,3277,KOTA CIMAHI,11011.88,RIBU RUPIAH,2015
158,32,JAWA BARAT,3278,KOTA TASIKMALAYA,8784.81,RIBU RUPIAH,2015
159,32,JAWA BARAT,3279,KOTA BANJAR,9475.6,RIBU RUPIAH,2015
160,32,JAWA BARAT,3201,KABUPATEN BOGOR,9537.0,RIBU RUPIAH,2016
161,32,JAWA BARAT,3202,KABUPATEN SUKABUMI,8077.0,RIBU RUPIAH,2016
162,32,JAWA BARAT,3203,KABUPATEN CIANJUR,7074.0,RIBU RUPIAH,2016
163,32,JAWA BARAT,3204,KABUPATEN BANDUNG,9580.0,RIBU RUPIAH,2016
164,32,JAWA BARAT,3205,KABUPATEN GARUT,7079.0,RIBU RUPIAH,2016
165,32,JAWA BARAT,3206,KABUPATEN TASIKMALAYA,7081.0,RIBU RUPIAH,2016
166,32,JAWA BARAT,3207,KABUPATEN CIAMIS,8432.0,RIBU RUPIAH,2016
167,32,JAWA BARAT,3208,KABUPATEN KUNINGAN,8580.0,RIBU RUPIAH,2016
168,32,JAWA BARAT,3209,KABUPATEN CIREBON,9463.0,RIBU RUPIAH,2016
169,32,JAWA BARAT,3210,KABUPATEN MAJALENGKA,8594.0,RIBU RUPIAH,2016
170,32,JAWA BARAT,3211,KABUPATEN SUMEDANG,9339.0,RIBU RUPIAH,2016
171,32,JAWA BARAT,3212,KABUPATEN INDRAMAYU,8866.0,RIBU RUPIAH,2016
172,32,JAWA BARAT,3213,KABUPATEN SUBANG,10012.0,RIBU RUPIAH,2016
173,32,JAWA BARAT,3214,KABUPATEN PURWAKARTA,10732.0,RIBU RUPIAH,2016
174,32,JAWA BARAT,3215,KABUPATEN KARAWANG,10379.0,RIBU RUPIAH,2016
175,32,JAWA BARAT,3216,KABUPATEN BEKASI,10435.0,RIBU RUPIAH,2016
176,32,JAWA BARAT,3217,KABUPATEN BANDUNG BARAT,7698.0,RIBU RUPIAH,2016
177,32,JAWA BARAT,3218,KABUPATEN PANGANDARAN,8312.0,RIBU RUPIAH,2016
178,32,JAWA BARAT,3271,KOTA BOGOR,10662.0,RIBU RUPIAH,2016
179,32,JAWA BARAT,3272,KOTA SUKABUMI,9819.0,RIBU RUPIAH,2016
180,32,JAWA BARAT,3273,KOTA BANDUNG,15805.0,RIBU RUPIAH,2016
181,32,JAWA BARAT,3274,KOTA CIREBON,10824.0,RIBU RUPIAH,2016
182,32,JAWA BARAT,3275,KOTA BEKASI,15236.0,RIBU RUPIAH,2016
183,32,JAWA BARAT,3276,KOTA DEPOK,14560.0,RIBU RUPIAH,2016
184,32,JAWA BARAT,3277,KOTA CIMAHI,11141.0,RIBU RUPIAH,2016
185,32,JAWA BARAT,3278,KOTA TASIKMALAYA,9145.0,RIBU RUPIAH,2016
186,32,JAWA BARAT,3279,KOTA BANJAR,9815.0,RIBU RUPIAH,2016
187,32,JAWA BARAT,3201,KABUPATEN BOGOR,9901.0,RIBU RUPIAH,2017
188,32,JAWA BARAT,3202,KABUPATEN SUKABUMI,8263.0,RIBU RUPIAH,2017
189,32,JAWA BARAT,3203,KABUPATEN CIANJUR,7300.0,RIBU RUPIAH,2017
190,32,JAWA BARAT,3204,KABUPATEN BANDUNG,9854.0,RIBU RUPIAH,2017
191,32,JAWA BARAT,3205,KABUPATEN GARUT,7270.0,RIBU RUPIAH,2017
192,32,JAWA BARAT,3206,KABUPATEN TASIKMALAYA,7250.0,RIBU RUPIAH,2017
193,32,JAWA BARAT,3207,KABUPATEN CIAMIS,8658.0,RIBU RUPIAH,2017
194,32,JAWA BARAT,3208,KABUPATEN KUNINGAN,8736.0,RIBU RUPIAH,2017
195,32,JAWA BARAT,3209,KABUPATEN CIREBON,9650.0,RIBU RUPIAH,2017
196,32,JAWA BARAT,3210,KABUPATEN MAJALENGKA,8833.0,RIBU RUPIAH,2017
197,32,JAWA BARAT,3211,KABUPATEN SUMEDANG,9569.0,RIBU RUPIAH,2017
198,32,JAWA BARAT,3212,KABUPATEN INDRAMAYU,9014.0,RIBU RUPIAH,2017
199,32,JAWA BARAT,3213,KABUPATEN SUBANG,10206.0,RIBU RUPIAH,2017
200,32,JAWA BARAT,3214,KABUPATEN PURWAKARTA,10941.0,RIBU RUPIAH,2017
201,32,JAWA BARAT,3215,KABUPATEN KARAWANG,10703.0,RIBU RUPIAH,2017
202,32,JAWA BARAT,3216,KABUPATEN BEKASI,10790.0,RIBU RUPIAH,2017
203,32,JAWA BARAT,3217,KABUPATEN BANDUNG BARAT,8002.0,RIBU RUPIAH,2017
204,32,JAWA BARAT,3218,KABUPATEN PANGANDARAN,8588.0,RIBU RUPIAH,2017
205,32,JAWA BARAT,3271,KOTA BOGOR,10940.0,RIBU RUPIAH,2017
206,32,JAWA BARAT,3272,KOTA SUKABUMI,10188.0,RIBU RUPIAH,2017
207,32,JAWA BARAT,3273,KOTA BANDUNG,16033.0,RIBU RUPIAH,2017
208,32,JAWA BARAT,3274,KOTA CIREBON,11100.0,RIBU RUPIAH,2017
209,32,JAWA BARAT,3275,KOTA BEKASI,15378.0,RIBU RUPIAH,2017
210,32,JAWA BARAT,3276,KOTA DEPOK,14727.0,RIBU RUPIAH,2017
211,32,JAWA BARAT,3277,KOTA CIMAHI,11353.0,RIBU RUPIAH,2017
212,32,JAWA BARAT,3278,KOTA TASIKMALAYA,9497.0,RIBU RUPIAH,2017
213,32,JAWA BARAT,3279,KOTA BANJAR,9987.0,RIBU RUPIAH,2017
214,32,JAWA BARAT,3201,KABUPATEN BOGOR,10323.0,RIBU RUPIAH,2018
215,32,JAWA BARAT,3202,KABUPATEN SUKABUMI,8618.0,RIBU RUPIAH,2018
216,32,JAWA BARAT,3203,KABUPATEN CIANJUR,7874.0,RIBU RUPIAH,2018
217,32,JAWA BARAT,3204,KABUPATEN BANDUNG,10203.0,RIBU RUPIAH,2018
218,32,JAWA BARAT,3205,KABUPATEN GARUT,7597.0,RIBU RUPIAH,2018
219,32,JAWA BARAT,3206,KABUPATEN TASIKMALAYA,7761.0,RIBU RUPIAH,2018
220,32,JAWA BARAT,3207,KABUPATEN CIAMIS,9190.0,RIBU RUPIAH,2018
221,32,JAWA BARAT,3208,KABUPATEN KUNINGAN,9297.0,RIBU RUPIAH,2018
222,32,JAWA BARAT,3209,KABUPATEN CIREBON,10212.0,RIBU RUPIAH,2018
223,32,JAWA BARAT,3210,KABUPATEN MAJALENGKA,9416.0,RIBU RUPIAH,2018
224,32,JAWA BARAT,3211,KABUPATEN SUMEDANG,10153.0,RIBU RUPIAH,2018
225,32,JAWA BARAT,3212,KABUPATEN INDRAMAYU,9633.0,RIBU RUPIAH,2018
226,32,JAWA BARAT,3213,KABUPATEN SUBANG,10715.0,RIBU RUPIAH,2018
227,32,JAWA BARAT,3214,KABUPATEN PURWAKARTA,11372.0,RIBU RUPIAH,2018
228,32,JAWA BARAT,3215,KABUPATEN KARAWANG,11277.0,RIBU RUPIAH,2018
229,32,JAWA BARAT,3216,KABUPATEN BEKASI,11155.0,RIBU RUPIAH,2018
230,32,JAWA BARAT,3217,KABUPATEN BANDUNG BARAT,8329.0,RIBU RUPIAH,2018
231,32,JAWA BARAT,3218,KABUPATEN PANGANDARAN,8968.0,RIBU RUPIAH,2018
232,32,JAWA BARAT,3271,KOTA BOGOR,11348.0,RIBU RUPIAH,2018
233,32,JAWA BARAT,3272,KOTA SUKABUMI,10609.0,RIBU RUPIAH,2018
234,32,JAWA BARAT,3273,KOTA BANDUNG,16630.0,RIBU RUPIAH,2018
235,32,JAWA BARAT,3274,KOTA CIREBON,11397.0,RIBU RUPIAH,2018
236,32,JAWA BARAT,3275,KOTA BEKASI,15755.0,RIBU RUPIAH,2018
237,32,JAWA BARAT,3276,KOTA DEPOK,15262.0,RIBU RUPIAH,2018
238,32,JAWA BARAT,3277,KOTA CIMAHI,11921.0,RIBU RUPIAH,2018
239,32,JAWA BARAT,3278,KOTA TASIKMALAYA,9855.0,RIBU RUPIAH,2018
240,32,JAWA BARAT,3279,KOTA BANJAR,10329.0,RIBU RUPIAH,2018
241,32,JAWA BARAT,3201,KABUPATEN BOGOR,10683.0,RIBU RUPIAH,2019
242,32,JAWA BARAT,3202,KABUPATEN SUKABUMI,8973.0,RIBU RUPIAH,2019
243,32,JAWA BARAT,3203,KABUPATEN CIANJUR,8290.0,RIBU RUPIAH,2019
244,32,JAWA BARAT,3204,KABUPATEN BANDUNG,10502.0,RIBU RUPIAH,2019
245,32,JAWA BARAT,3205,KABUPATEN GARUT,8099.0,RIBU RUPIAH,2019
246,32,JAWA BARAT,3206,KABUPATEN TASIKMALAYA,8092.0,RIBU RUPIAH,2019
247,32,JAWA BARAT,3207,KABUPATEN CIAMIS,9557.0,RIBU RUPIAH,2019
248,32,JAWA BARAT,3208,KABUPATEN KUNINGAN,9673.0,RIBU RUPIAH,2019
249,32,JAWA BARAT,3209,KABUPATEN CIREBON,10670.0,RIBU RUPIAH,2019
250,32,JAWA BARAT,3210,KABUPATEN MAJALENGKA,9822.0,RIBU RUPIAH,2019
251,32,JAWA BARAT,3211,KABUPATEN SUMEDANG,10406.0,RIBU RUPIAH,2019
252,32,JAWA BARAT,3212,KABUPATEN INDRAMAYU,10090.0,RIBU RUPIAH,2019
253,32,JAWA BARAT,3213,KABUPATEN SUBANG,11012.0,RIBU RUPIAH,2019
254,32,JAWA BARAT,3214,KABUPATEN PURWAKARTA,11819.0,RIBU RUPIAH,2019
255,32,JAWA BARAT,3215,KABUPATEN KARAWANG,11856.0,RIBU RUPIAH,2019
256,32,JAWA BARAT,3216,KABUPATEN BEKASI,11610.0,RIBU RUPIAH,2019
257,32,JAWA BARAT,3217,KABUPATEN BANDUNG BARAT,8684.0,RIBU RUPIAH,2019
258,32,JAWA BARAT,3218,KABUPATEN PANGANDARAN,9423.0,RIBU RUPIAH,2019
259,32,JAWA BARAT,3271,KOTA BOGOR,11825.0,RIBU RUPIAH,2019
260,32,JAWA BARAT,3272,KOTA SUKABUMI,11204.0,RIBU RUPIAH,2019
261,32,JAWA BARAT,3273,KOTA BANDUNG,17254.0,RIBU RUPIAH,2019
262,32,JAWA BARAT,3274,KOTA CIREBON,11930.0,RIBU RUPIAH,2019
263,32,JAWA BARAT,3275,KOTA BEKASI,16157.0,RIBU RUPIAH,2019
264,32,JAWA BARAT,3276,KOTA DEPOK,15696.0,RIBU RUPIAH,2019
265,32,JAWA BARAT,3277,KOTA CIMAHI,12448.0,RIBU RUPIAH,2019
266,32,JAWA BARAT,3278,KOTA TASIKMALAYA,10414.0,RIBU RUPIAH,2019
267,32,JAWA BARAT,3279,KOTA BANJAR,10705.0,RIBU RUPIAH,2019
268,32,JAWA BARAT,3201,KABUPATEN BOGOR,10317.0,RIBU RUPIAH,2020
269,32,JAWA BARAT,3202,KABUPATEN SUKABUMI,8823.0,RIBU RUPIAH,2020
270,32,JAWA BARAT,3203,KABUPATEN CIANJUR,7980.0,RIBU RUPIAH,2020
271,32,JAWA BARAT,3204,KABUPATEN BANDUNG,10201.0,RIBU RUPIAH,2020
272,32,JAWA BARAT,3205,KABUPATEN GARUT,7876.0,RIBU RUPIAH,2020
273,32,JAWA BARAT,3206,KABUPATEN TASIKMALAYA,7852.0,RIBU RUPIAH,2020
274,32,JAWA BARAT,3207,KABUPATEN CIAMIS,9288.0,RIBU RUPIAH,2020
275,32,JAWA BARAT,3208,KABUPATEN KUNINGAN,9459.0,RIBU RUPIAH,2020
276,32,JAWA BARAT,3209,KABUPATEN CIREBON,10342.0,RIBU RUPIAH,2020
277,32,JAWA BARAT,3210,KABUPATEN MAJALENGKA,9521.0,RIBU RUPIAH,2020
278,32,JAWA BARAT,3211,KABUPATEN SUMEDANG,10217.0,RIBU RUPIAH,2020
279,32,JAWA BARAT,3212,KABUPATEN INDRAMAYU,9859.0,RIBU RUPIAH,2020
280,32,JAWA BARAT,3213,KABUPATEN SUBANG,10790.0,RIBU RUPIAH,2020
281,32,JAWA BARAT,3214,KABUPATEN PURWAKARTA,11614.0,RIBU RUPIAH,2020
282,32,JAWA BARAT,3215,KABUPATEN KARAWANG,11315.0,RIBU RUPIAH,2020
283,32,JAWA BARAT,3216,KABUPATEN BEKASI,11241.0,RIBU RUPIAH,2020
284,32,JAWA BARAT,3217,KABUPATEN BANDUNG BARAT,8455.0,RIBU RUPIAH,2020
285,32,JAWA BARAT,3218,KABUPATEN PANGANDARAN,9084.0,RIBU RUPIAH,2020
286,32,JAWA BARAT,3271,KOTA BOGOR,11564.0,RIBU RUPIAH,2020
287,32,JAWA BARAT,3272,KOTA SUKABUMI,10999.0,RIBU RUPIAH,2020
288,32,JAWA BARAT,3273,KOTA BANDUNG,16887.0,RIBU RUPIAH,2020
289,32,JAWA BARAT,3274,KOTA CIREBON,11800.0,RIBU RUPIAH,2020
290,32,JAWA BARAT,3275,KOTA BEKASI,15776.0,RIBU RUPIAH,2020
291,32,JAWA BARAT,3276,KOTA DEPOK,15281.0,RIBU RUPIAH,2020
292,32,JAWA BARAT,3277,KOTA CIMAHI,12025.0,RIBU RUPIAH,2020
293,32,JAWA BARAT,3278,KOTA TASIKMALAYA,10263.0,RIBU RUPIAH,2020
294,32,JAWA BARAT,3279,KOTA BANJAR,10535.0,RIBU RUPIAH,2020
